epoch,train_loss,val_loss
1,0.9649201181906184,0.7189696528545699
2,0.6562893846715664,0.7336555575407784
3,0.5327408050062846,0.7612833744592473
4,0.47437455284799473,0.7338667325941682
